{
  "min_test_items_active": 3,
  "all_users": {
    "precision": 0.0011517639792173818,
    "recall": 0.007492086618464556,
    "f_measure": 0.0019104748755586235,
    "ndcg": 0.0072422991679686076,
    "n_users": 27523
  },
  "active_users": {
    "precision": 0.0028807947019867546,
    "recall": 0.007352549668874172,
    "f_measure": 0.004025794701986755,
    "ndcg": 0.009467417218543047,
    "n_users": 3020
  }
}